Status,Side,Time,Local,Dirty Price,Yield,Quantity,MinInc,SetDt,EBND Seller Broker Code,EBND Buyer Broker Code,Price,Bid Type,UserName,Account,Seq#,Brkr,System #,Net,Security (ASX),Security,ISIN
Open,B,12:24:08,BSRD2049,,5.7458,150000,,05/10/2021,PARA,,109,,JEAN ELMUDESI,,11,PADR,,166700,DOMREP 6.40 06/05/49,DOMREP 6.40 06/05/49,USP3579ECE51
Open,S,12:23:57,BSRD2049,,6.0981,150000,,05/10/2021,,PARA,104,,JEAN ELMUDESI,,10,PADR,,159200,DOMREP 6.40 06/05/49,DOMREP 6.40 06/05/49,USP3579ECE51
Open,B,12:23:48,BSRD2044,,5.5685,100000,,05/10/2021,PARA,,124,,JEAN ELMUDESI,,9,PADR,,127207.64,DOMREP 7.45 04/30/44,DOMREP 7.45 04/30/44,USP3579EAY34
Open,S,12:23:41,BSRD2044,,6.0577,100000,,05/10/2021,,PARA,117,,JEAN ELMUDESI,,8,PADR,,120207.64,DOMREP 7.45 04/30/44,DOMREP 7.45 04/30/44,USP3579EAY34
Open,B,12:23:19,BSRD2025,,1.8991,100000,,05/10/2021,PARA,,111.5,,JEAN ELMUDESI,,7,PADR,,112538.89,DOMREP 5 1/2 01/27/25,DOMREP 5 1/2 01/27/25,USP3579EBD87
Open,S,12:23:11,BSRD2025,,3.2513,100000,,05/10/2021,,PARA,107,,JEAN ELMUDESI,,6,PADR,,108038.89,DOMREP 5 1/2 01/27/25,DOMREP 5 1/2 01/27/25,USP3579EBD87
Open,B,12:22:50,BSRD2024,,0.6265,100000,,05/10/2021,PARA,,108,,JEAN ELMUDESI,,5,PADR,,110725.35,DOMREP 5 7/8 04/18/24,DOMREP 5 7/8 04/18/24,USP3579EAS65
Open,S,12:22:42,BSRD2024,,2.8413,100000,,05/10/2021,,PARA,104.5,,JEAN ELMUDESI,,4,PADR,,107225.35,DOMREP 5 7/8 04/18/24,DOMREP 5 7/8 04/18/24,USP3579EAS65
Open,B,12:22:20,MH22022,,0.545,100000,,06/10/2021,PARA,,104,,JEAN ELMUDESI,,3,PADR,,104909.59,DRGB 10 3/8 03/04/22,DRGB 10 3/8 03/04/22,DO1005204719
Open,S,12:22:08,MH22022,,5.2894,100000,,06/10/2021,,PARA,102,,JEAN ELMUDESI,,2,PADR,,102909.59,DRGB 10 3/8 03/04/22,DRGB 10 3/8 03/04/22,DO1005204719
Open,S,11:14:53,MH22029,,5.5336,25000000,,05/10/2021,,BRSV,133.65,,BRANDY LAUREANO,,7,BRSV,,34516952.05,DRGB 10 3/4 11/08/29,DRGB 10 3/4 11/08/29,DO1005207027
Open,S,11:14:33,MH12029,,5.5269,25000000,,06/10/2021,,BRSV,136.43,,BRANDY LAUREANO,,6,BRSV,,34824280.82,DRGB 11 3/8 07/06/29,DRGB 11 3/8 07/06/29,DO1005204412
Open,B,10:38:21,MH12031,,5.792,10000000,,06/10/2021,BRSV,,120.75,,BRANDY LAUREANO,,5,BRSV,,12351472.6,DRGB 8 5/8 06/11/31,DRGB 8 5/8 06/11/31,DO1005208629
Open,S,10:32:30,MH12032,,6.0498,10000000,,06/10/2021,,CCIP,145.45,,JOSE CENDON,,2,CCIP,,14646917.81,DRGB 12 03/05/32,DRGB 12 03/05/32,DO1005206011
Open,S,10:18:02,MH42028,,5.65,10000000,,06/10/2021,,JMMB,112.9163,,ELADIO PEREZ,,2,JMMB,,11548068.36,DRGB 8 06/11/28,DRGB 8 06/11/28,DO1005208728
Open,B,10:04:24,MH12030,,5.6,10000000,,06/10/2021,BHDV,,131.2428,,SIMON ANGULO,,2,BHVD,,13371574.52,DRGB 10 3/8 01/11/30,DRGB 10 3/8 01/11/30,DO1005207217
Open,B,09:14:56,MH32028,,5.5665,10000000,,06/10/2021,BRSV,,129.17,,OSCAR YEPEZ,,4,BRSV,,13084876.71,DRGB 10 3/4 08/11/28,DRGB 10 3/4 08/11/28,DO1005206516
Open,S,09:05:22,BSDR2026,,5.0089,10000000,,05/10/2021,,BRSV,119.5,,OSCAR YEPEZ,,3,BRSV,,12275000,DOMREP 9 3/4 06/05/26,DOMREP 9 3/4 06/05/26,USP3579ECD78
Open,S,08:56:46,MH12031,,5.8831,10000000,,06/10/2021,,BRSV,120,,BRANDY LAUREANO,,2,BRSV,,12276472.6,DRGB 8 5/8 06/11/31,DRGB 8 5/8 06/11/31,DO1005208629
Open,S,12:51:30,BSRD2041,,5.4427,1000000,,05/10/2021,,BSC,98.3,,JOSE MIGUEL CASTILLO AROCA,,4,SACR,,993894.44,DOMREP 5.30 01/21/41,DOMREP 5.30 01/21/41,USP3579ECJ49
Open,B,12:51:30,BSRD2041,,5.2578,1000000,,05/10/2021,BSC,,100.5,,JOSE MIGUEL CASTILLO AROCA,,5,SACR,,1015894.44,DOMREP 5.30 01/21/41,DOMREP 5.30 01/21/41,USP3579ECJ49
Open,S,12:35:08,MH42028,,5.6527,25000000,,06/10/2021,,CCIP,112.9,,JOSE CENDON,,2,CCIP,,28866095.89,DRGB 8 06/11/28,DRGB 8 06/11/28,DO1005208728
Open,S,12:29:54,MH22023,,3.4658,10000000,,06/10/2021,,BRSV,110.2,,BRANDY LAUREANO,,46,BRSV,,11543561.64,DRGB 10 1/2 04/07/23,DRGB 10 1/2 04/07/23,DO1005205914
Open,S,12:29:43,MH12023,,3.8892,10000000,,06/10/2021,,BRSV,113.8,,BRANDY LAUREANO,,45,BRSV,,11606438.36,DRGB 14 1/2 02/10/23,DRGB 14 1/2 02/10/23,DO1005250928
Open,S,12:29:24,MH22023,,1.2122,10000000,,05/10/2021,,BRSV,113.8,,BRANDY LAUREANO,,44,BRSV,,11900684.93,DRGB 10 1/2 04/07/23,DRGB 10 1/2 04/07/23,DO1005205914
Open,S,11:58:32,MH32026,,4.6222,10000000,,06/10/2021,,BRSV,128.6,,BRANDY LAUREANO,,43,BRSV,,13321095.89,DRGB 11 11/06/26,DRGB 11 11/06/26,DO1005205310
Open,B,11:57:06,BSDR2026,,4.9477,10000000,,05/10/2021,TIVA,,119.7814,,RAFAEL PENA,,3,TIVA,,12303140,DOMREP 9 3/4 06/05/26,DOMREP 9 3/4 06/05/26,USP3579ECD78
Open,S,11:34:00,MH12030,,5.9571,10000000,,06/10/2021,,BRSV,128.5,,OSCAR YEPEZ,,42,BRSV,,13097294.52,DRGB 10 3/8 01/11/30,DRGB 10 3/8 01/11/30,DO1005207217
Open,B,11:17:42,MHUS2040,,4,500000,,06/10/2021,BHDV,,136.0902,,SIMON ANGULO,,2,BHVD,,687201,DRGB 6 3/4 07/24/40,DRGB 6 3/4 07/24/40,DO1005208322
Open,B,11:16:50,MH42028,,5.5017,25000000,,06/10/2021,BRSV,,113.8,,BRANDY LAUREANO,,41,BRSV,,29091095.89,DRGB 8 06/11/28,DRGB 8 06/11/28,DO1005208728
Open,B,11:16:35,MH32028,,5.5242,25000000,,06/10/2021,BRSV,,129.45,,BRANDY LAUREANO,,40,BRSV,,32782191.78,DRGB 10 3/4 08/11/28,DRGB 10 3/4 08/11/28,DO1005206516
Open,S,11:16:23,MH12029,,5.544,25000000,,06/10/2021,,BRSV,136.3,,BRANDY LAUREANO,,39,BRSV,,34791780.82,DRGB 11 3/8 07/06/29,DRGB 11 3/8 07/06/29,DO1005204412
Open,S,11:16:12,MH22029,,5.5336,25000000,,05/10/2021,,BRSV,133.65,,BRANDY LAUREANO,,38,BRSV,,34516952.05,DRGB 10 3/4 11/08/29,DRGB 10 3/4 11/08/29,DO1005207027
Open,B,11:14:33,MH12040,,6.7409,10000000,,06/10/2021,BRSV,,148.23,,OSCAR YEPEZ,,37,BRSV,,15109712.33,DRGB 11 3/8 01/06/40,DRGB 11 3/8 01/06/40,DO1005207415
Open,B,11:09:49,MH12031,,5.7793,10000000,,06/10/2021,BRSV,,120.8554,,OSCAR YEPEZ,,36,BRSV,,12362012.6,DRGB 8 5/8 06/11/31,DRGB 8 5/8 06/11/31,DO1005208629
Open,B,11:04:14,MH12030,,5.7734,10000000,,05/10/2021,BRSV,,129.91,,OSCAR YEPEZ,,35,BRSV,,13235452.05,DRGB 10 3/8 01/11/30,DRGB 10 3/8 01/11/30,DO1005207217
Open,B,11:03:34,MH12034,,5.9343,10000000,,06/10/2021,BRSV,,148,,BRANDY LAUREANO,,34,BRSV,,15074109.59,DRGB 11 1/2 01/11/34,DRGB 11 1/2 01/11/34,DO1005206722
Open,B,10:58:18,MH32028,,5.5257,10000000,,05/10/2021,BRSV,,129.45,,BRANDY LAUREANO,,33,BRSV,,13109931.51,DRGB 10 3/4 08/11/28,DRGB 10 3/4 08/11/28,DO1005206516
Open,B,10:58:00,MH42028,,5.5024,10000000,,05/10/2021,BRSV,,113.8,,BRANDY LAUREANO,,32,BRSV,,11634246.58,DRGB 8 06/11/28,DRGB 8 06/11/28,DO1005208728
Open,B,10:57:22,MH12032,,5.9737,10000000,,06/10/2021,BRSV,,146.2,,BRANDY LAUREANO,,31,BRSV,,14721917.81,DRGB 12 03/05/32,DRGB 12 03/05/32,DO1005206011
Open,B,10:48:59,MH12034,,5.846,10000000,,06/10/2021,BRSV,,149,,BRANDY LAUREANO,,30,BRSV,,15174109.59,DRGB 11 1/2 01/11/34,DRGB 11 1/2 01/11/34,DO1005206722
Open,S,10:48:42,MHUS2040,,4.7284,100000,,30/09/2021,,PARA,125,,JEAN ELMUDESI,,18,PADR,,126237.5,DRGB 6 3/4 07/24/40,DRGB 6 3/4 07/24/40,DO1005208322
Open,B,10:47:46,MHUS2040,,3.5284,100000,,04/10/2021,PARA,,144,,JEAN ELMUDESI,,17,PADR,,145312.5,DRGB 6 3/4 07/24/40,DRGB 6 3/4 07/24/40,DO1005208322
Open,S,10:45:30,MH42028,,5.52,10000000,,05/10/2021,,BSC,113.6949,,JOSE MIGUEL CASTILLO AROCA,,2,SACR,,11623736.58,DRGB 8 06/11/28,DRGB 8 06/11/28,DO1005208728
Open,B,10:45:30,MH42028,,5.1221,10000000,,06/10/2021,BSC,,116.1,,JOSE MIGUEL CASTILLO AROCA,,3,SACR,,11866438.36,DRGB 8 06/11/28,DRGB 8 06/11/28,DO1005208728
Open,B,10:44:12,BSRD2049,,5.7458,150000,,04/10/2021,PARA,,109,,JEAN ELMUDESI,,16,PADR,,166673.33,DOMREP 6.40 06/05/49,DOMREP 6.40 06/05/49,USP3579ECE51
Open,S,10:44:02,BSRD2049,,6.0981,150000,,04/10/2021,,PARA,104,,JEAN ELMUDESI,,15,PADR,,159173.33,DOMREP 6.40 06/05/49,DOMREP 6.40 06/05/49,USP3579ECE51
Open,B,10:43:54,BSRD2044,,5.5686,100000,,04/10/2021,PARA,,124,,JEAN ELMUDESI,,14,PADR,,127186.94,DOMREP 7.45 04/30/44,DOMREP 7.45 04/30/44,USP3579EAY34
Open,S,10:43:48,BSRD2044,,6.0578,100000,,04/10/2021,,PARA,117,,JEAN ELMUDESI,,13,PADR,,120186.94,DOMREP 7.45 04/30/44,DOMREP 7.45 04/30/44,USP3579EAY34
Open,B,10:43:34,BSRD2041,,5.1348,150000,,04/10/2021,PARA,,102,,JEAN ELMUDESI,,12,PADR,,154612.08,DOMREP 5.30 01/21/41,DOMREP 5.30 01/21/41,USP3579ECJ49
Open,S,10:43:27,BSRD2041,,5.5546,150000,,04/10/2021,,PARA,97,,JEAN ELMUDESI,,11,PADR,,147112.08,DOMREP 5.30 01/21/41,DOMREP 5.30 01/21/41,USP3579ECJ49
Open,B,10:42:58,BSRD2025,,1.9018,100000,,04/10/2021,PARA,,111.5,,JEAN ELMUDESI,,10,PADR,,112523.61,DOMREP 5 1/2 01/27/25,DOMREP 5 1/2 01/27/25,USP3579EBD87
Open,S,10:42:50,BSRD2025,,3.253,100000,,04/10/2021,,PARA,107,,JEAN ELMUDESI,,9,PADR,,108023.61,DOMREP 5 1/2 01/27/25,DOMREP 5 1/2 01/27/25,USP3579EBD87
Open,B,10:42:38,BSRD2024,,0.6354,100000,,04/10/2021,PARA,,108,,JEAN ELMUDESI,,8,PADR,,110709.03,DOMREP 5 7/8 04/18/24,DOMREP 5 7/8 04/18/24,USP3579EAS65
Open,S,10:42:27,BSRD2024,,2.8464,100000,,04/10/2021,,PARA,104.5,,JEAN ELMUDESI,,7,PADR,,107209.03,DOMREP 5 7/8 04/18/24,DOMREP 5 7/8 04/18/24,USP3579EAS65
Open,B,10:42:15,MH22022,,0.6069,100000,,05/10/2021,PARA,,104,,JEAN ELMUDESI,,6,PADR,,104881.16,DRGB 10 3/8 03/04/22,DRGB 10 3/8 03/04/22,DO1005204719
Open,S,10:42:06,MH22022,,5.3221,100000,,05/10/2021,,PARA,102,,JEAN ELMUDESI,,5,PADR,,102881.16,DRGB 10 3/8 03/04/22,DRGB 10 3/8 03/04/22,DO1005204719
Open,B,10:37:01,MH12030,,5.8373,10000000,,05/10/2021,BRSV,,129.42,,BRANDY LAUREANO,,29,BRSV,,13186452.05,DRGB 10 3/8 01/11/30,DRGB 10 3/8 01/11/30,DO1005207217
Open,B,10:36:48,COV2030,,5.8542,10000000,,06/10/2021,BRSV,,127.2,,BRANDY LAUREANO,,28,BRSV,,12826849.32,DRGB 10 02/28/30,DRGB 10 02/28/30,DO1005207829
Open,B,10:36:35,MH12032,,5.9182,10000000,,06/10/2021,BRSV,,146.75,,BRANDY LAUREANO,,27,BRSV,,14776917.81,DRGB 12 03/05/32,DRGB 12 03/05/32,DO1005206011
Open,B,10:36:26,MH12034,,5.8108,10000000,,06/10/2021,BRSV,,149.4,,BRANDY LAUREANO,,26,BRSV,,15214109.59,DRGB 11 1/2 01/11/34,DRGB 11 1/2 01/11/34,DO1005206722
Open,B,10:36:16,MH12035,,5.89,10000000,,06/10/2021,BRSV,,145.4,,BRANDY LAUREANO,,25,BRSV,,14817089.04,DRGB 10 7/8 01/05/35,DRGB 10 7/8 01/05/35,DO1005207316
Open,B,10:36:05,COV2035,,5.9261,10000000,,06/10/2021,BRSV,,139.6,,BRANDY LAUREANO,,24,BRSV,,14069520.55,DRGB 10 1/4 02/28/35,DRGB 10 1/4 02/28/35,DO1005207928
Open,B,10:35:56,MH12040,,6.7753,10000000,,06/10/2021,BRSV,,147.75,,BRANDY LAUREANO,,23,BRSV,,15061712.33,DRGB 11 3/8 01/06/40,DRGB 11 3/8 01/06/40,DO1005207415
Open,B,10:35:43,COV2040,,6.779,10000000,,06/10/2021,BRSV,,142.7,,BRANDY LAUREANO,,22,BRSV,,14386198.63,DRGB 10 7/8 02/28/40,DRGB 10 7/8 02/28/40,DO1005208025
Open,B,10:35:35,INF2040,,6.779,10000000,,06/10/2021,BRSV,,142.7,,BRANDY LAUREANO,,21,BRSV,,14386198.63,DRGB 10 7/8 02/28/40,DRGB 10 7/8 02/28/40,DO1005208124
Open,B,10:35:08,MH12031,,5.7679,10000000,,06/10/2021,BRSV,,120.95,,BRANDY LAUREANO,,20,BRSV,,12371472.6,DRGB 8 5/8 06/11/31,DRGB 8 5/8 06/11/31,DO1005208629
Open,B,10:34:26,MH12029,,5.1929,10000000,,06/10/2021,BRSV,,139,,BRANDY LAUREANO,,19,BRSV,,14186712.33,DRGB 11 3/8 07/06/29,DRGB 11 3/8 07/06/29,DO1005204412
Open,B,10:33:12,MH32028,,5.4565,10000000,,06/10/2021,BRSV,,129.9,,BRANDY LAUREANO,,18,BRSV,,13157876.71,DRGB 10 3/4 08/11/28,DRGB 10 3/4 08/11/28,DO1005206516
Open,B,10:33:00,MH42028,,5.4683,10000000,,06/10/2021,BRSV,,114,,BRANDY LAUREANO,,17,BRSV,,11656438.36,DRGB 8 06/11/28,DRGB 8 06/11/28,DO1005208728
Open,B,10:32:39,MH12030,,5.8661,10000000,,05/10/2021,BRSV,,129.2,,BRANDY LAUREANO,,16,BRSV,,13164452.05,DRGB 10 3/8 01/11/30,DRGB 10 3/8 01/11/30,DO1005207217
Open,B,10:32:25,COV2030,,5.8803,10000000,,06/10/2021,BRSV,,127,,BRANDY LAUREANO,,15,BRSV,,12806849.32,DRGB 10 02/28/30,DRGB 10 02/28/30,DO1005207829
Open,B,10:32:03,COV2035,,5.9435,10000000,,06/10/2021,BRSV,,139.4,,BRANDY LAUREANO,,14,BRSV,,14049520.55,DRGB 10 1/4 02/28/35,DRGB 10 1/4 02/28/35,DO1005207928
Open,B,10:31:44,MH12034,,5.8284,10000000,,06/10/2021,BRSV,,149.2,,BRANDY LAUREANO,,13,BRSV,,15194109.59,DRGB 11 1/2 01/11/34,DRGB 11 1/2 01/11/34,DO1005206722
Open,B,10:31:33,MH12035,,5.9411,10000000,,06/10/2021,BRSV,,144.8,,BRANDY LAUREANO,,12,BRSV,,14757089.04,DRGB 10 7/8 01/05/35,DRGB 10 7/8 01/05/35,DO1005207316
Open,B,10:30:27,MH12032,,5.9384,10000000,,06/10/2021,BRSV,,146.55,,BRANDY LAUREANO,,11,BRSV,,14756917.81,DRGB 12 03/05/32,DRGB 12 03/05/32,DO1005206011
Open,B,10:28:41,MH12031,,5.7558,10000000,,06/10/2021,BRSV,,121.05,,BRANDY LAUREANO,,10,BRSV,,12381472.6,DRGB 8 5/8 06/11/31,DRGB 8 5/8 06/11/31,DO1005208629
Open,S,09:27:07,MH22029,,5.5347,10000000,,04/10/2021,,BRSV,133.65,,BRANDY LAUREANO,,9,BRSV,,13803835.62,DRGB 10 3/4 11/08/29,DRGB 10 3/4 11/08/29,DO1005207027
Open,S,09:26:55,MH12029,,5.5454,10000000,,05/10/2021,,BRSV,136.3,,BRANDY LAUREANO,,8,BRSV,,13913595.89,DRGB 11 3/8 07/06/29,DRGB 11 3/8 07/06/29,DO1005204412
Open,S,09:26:30,MH22029,,5.5852,10000000,,05/10/2021,,BRSV,133.25,,BRANDY LAUREANO,,7,BRSV,,13766780.82,DRGB 10 3/4 11/08/29,DRGB 10 3/4 11/08/29,DO1005207027
Open,B,09:25:09,MH12032,,5.8931,10000000,,06/10/2021,BRSV,,147,,BRANDY LAUREANO,,6,BRSV,,14801917.81,DRGB 12 03/05/32,DRGB 12 03/05/32,DO1005206011
Open,B,09:21:21,BSDR2026,,5.0547,10000000,,04/10/2021,BRSV,,119.3,,BRANDY LAUREANO,,5,BRSV,,12252291.67,DOMREP 9 3/4 06/05/26,DOMREP 9 3/4 06/05/26,USP3579ECD78
Open,B,09:20:57,BSDR2026,,5.0765,10000000,,04/10/2021,BRSV,,119.2,,BRANDY LAUREANO,,4,BRSV,,12242291.67,DOMREP 9 3/4 06/05/26,DOMREP 9 3/4 06/05/26,USP3579ECD78
Open,B,09:20:40,BSDR2026,,5.1202,10000000,,04/10/2021,BRSV,,119,,BRANDY LAUREANO,,3,BRSV,,12222291.67,DOMREP 9 3/4 06/05/26,DOMREP 9 3/4 06/05/26,USP3579ECD78
Open,S,09:20:25,BSDR2026,,5.1619,10000000,,05/10/2021,,BRSV,118.8,,BRANDY LAUREANO,,2,BRSV,,12205000,DOMREP 9 3/4 06/05/26,DOMREP 9 3/4 06/05/26,USP3579ECD78
Open,S,09:06:14,MH12031,,5.8041,10000000,,06/10/2021,,TIVA,120.65,,FRANCISCO DOMINGUEZ,,2,TIVA,,12341472.6,DRGB 8 5/8 06/11/31,DRGB 8 5/8 06/11/31,DO1005208629
Open,B,08:46:56,MH12030,,5.2,10000000,,05/10/2021,PARA,,134.4137,,JEAN ELMUDESI,,4,PADR,,13685822.05,DRGB 10 3/8 01/11/30,DRGB 10 3/8 01/11/30,DO1005207217
Open,B,08:46:09,MH12031,,5.4,10000000,,05/10/2021,PARA,,124.0542,,JEAN ELMUDESI,,3,PADR,,12679529.59,DRGB 8 5/8 06/11/31,DRGB 8 5/8 06/11/31,DO1005208629
Open,B,08:44:56,MH42028,,5,10000000,,05/10/2021,PARA,,116.8578,,JEAN ELMUDESI,,2,PADR,,11940026.58,DRGB 8 06/11/28,DRGB 8 06/11/28,DO1005208728
Open,B,12:41:31,BSRD2049,,5.7459,150000,,01/10/2021,PARA,,109,,JEAN ELMUDESI,,14,PADR,,166593.33,DOMREP 6.40 06/05/49,DOMREP 6.40 06/05/49,USP3579ECE51
Open,S,12:41:23,BSRD2049,,6.0982,150000,,01/10/2021,,PARA,104,,JEAN ELMUDESI,,13,PADR,,159093.33,DOMREP 6.40 06/05/49,DOMREP 6.40 06/05/49,USP3579ECE51
Open,B,12:41:12,BSRD2044,,5.5689,100000,,01/10/2021,PARA,,124,,JEAN ELMUDESI,,12,PADR,,127124.86,DOMREP 7.45 04/30/44,DOMREP 7.45 04/30/44,USP3579EAY34
Open,S,12:41:06,BSRD2044,,6.058,100000,,01/10/2021,,PARA,117,,JEAN ELMUDESI,,11,PADR,,120124.86,DOMREP 7.45 04/30/44,DOMREP 7.45 04/30/44,USP3579EAY34
Open,B,12:40:58,BSRD2041,,5.1348,150000,,01/10/2021,PARA,,102,,JEAN ELMUDESI,,10,PADR,,154545.83,DOMREP 5.30 01/21/41,DOMREP 5.30 01/21/41,USP3579ECJ49
Open,S,12:40:51,BSRD2041,,5.5545,150000,,01/10/2021,,PARA,97,,JEAN ELMUDESI,,9,PADR,,147045.83,DOMREP 5.30 01/21/41,DOMREP 5.30 01/21/41,USP3579ECJ49
Open,B,12:40:23,BSRD2025,,1.91,100000,,01/10/2021,PARA,,111.5,,JEAN ELMUDESI,,8,PADR,,112477.78,DOMREP 5 1/2 01/27/25,DOMREP 5 1/2 01/27/25,USP3579EBD87
Open,S,12:40:15,BSRD2025,,3.2582,100000,,01/10/2021,,PARA,107,,JEAN ELMUDESI,,7,PADR,,107977.78,DOMREP 5 1/2 01/27/25,DOMREP 5 1/2 01/27/25,USP3579EBD87
Open,B,12:40:06,BSRD2024,,0.6617,100000,,01/10/2021,PARA,,108,,JEAN ELMUDESI,,6,PADR,,110660.07,DOMREP 5 7/8 04/18/24,DOMREP 5 7/8 04/18/24,USP3579EAS65
Open,S,12:39:59,BSRD2024,,2.8617,100000,,01/10/2021,,PARA,104.5,,JEAN ELMUDESI,,5,PADR,,107160.07,DOMREP 5 7/8 04/18/24,DOMREP 5 7/8 04/18/24,USP3579EAS65
Open,B,12:39:48,MH22022,,0.6681,100000,,04/10/2021,PARA,,104,,JEAN ELMUDESI,,4,PADR,,104852.74,DRGB 10 3/8 03/04/22,DRGB 10 3/8 03/04/22,DO1005204719
Open,S,12:39:33,MH22022,,5.3544,100000,,04/10/2021,,PARA,102,,JEAN ELMUDESI,,3,PADR,,102852.74,DRGB 10 3/8 03/04/22,DRGB 10 3/8 03/04/22,DO1005204719
Open,S,11:42:51,BSDR2026,,5.1202,10000000,,04/10/2021,,PRHR,119,,JESUS GIL,,4,PRHR,,12222291.67,DOMREP 9 3/4 06/05/26,DOMREP 9 3/4 06/05/26,USP3579ECD78
Open,B,11:41:22,BSDR2026,,5.0831,10000000,,04/10/2021,BRSV,,119.17,,OSCAR YEPEZ,,23,BRSV,,12239291.67,DOMREP 9 3/4 06/05/26,DOMREP 9 3/4 06/05/26,USP3579ECD78
Open,B,11:33:40,MH12040,,6.7934,10000000,,06/10/2021,BRSV,,147.5,,BRANDY LAUREANO,,22,BRSV,,15036712.33,DRGB 11 3/8 01/06/40,DRGB 11 3/8 01/06/40,DO1005207415
Open,B,11:33:22,COV2040,,6.7938,10000000,,06/10/2021,BRSV,,142.5,,BRANDY LAUREANO,,21,BRSV,,14366198.63,DRGB 10 7/8 02/28/40,DRGB 10 7/8 02/28/40,DO1005208025
Open,B,11:33:13,INF2040,,6.7938,10000000,,06/10/2021,BRSV,,142.5,,BRANDY LAUREANO,,20,BRSV,,14366198.63,DRGB 10 7/8 02/28/40,DRGB 10 7/8 02/28/40,DO1005208124
Open,B,11:30:58,BSDR2026,,5.0983,10000000,,01/10/2021,BRSV,,119.13,,OSCAR YEPEZ,,19,BRSV,,12227166.67,DOMREP 9 3/4 06/05/26,DOMREP 9 3/4 06/05/26,USP3579ECD78
Open,B,11:26:37,MH12031,,5.7438,10000000,,06/10/2021,BRSV,,121.15,,BRANDY LAUREANO,,18,BRSV,,12391472.6,DRGB 8 5/8 06/11/31,DRGB 8 5/8 06/11/31,DO1005208629
Open,B,10:57:24,MH32028,,5.4415,10000000,,06/10/2021,BRSV,,130,,OSCAR YEPEZ,,17,BRSV,,13167876.71,DRGB 10 3/4 08/11/28,DRGB 10 3/4 08/11/28,DO1005206516
Open,B,10:57:10,MH42028,,5.445,10000000,,06/10/2021,BRSV,,114.14,,OSCAR YEPEZ,,16,BRSV,,11670438.36,DRGB 8 06/11/28,DRGB 8 06/11/28,DO1005208728
Open,B,10:40:21,MH12030,,5.6489,10000000,,06/10/2021,BHDV,,130.8625,,SIMON ANGULO,,2,BHVD,,13333544.52,DRGB 10 3/8 01/11/30,DRGB 10 3/8 01/11/30,DO1005207217
Open,S,10:25:55,BSDR2026,,5.1421,10000000,,04/10/2021,,PRHR,118.9,,JESUS GIL,,3,PRHR,,12212291.67,DOMREP 9 3/4 06/05/26,DOMREP 9 3/4 06/05/26,USP3579ECD78
Open,B,10:17:46,BSDR2026,,5.0438,10000000,,04/10/2021,BRSV,,119.35,,OSCAR YEPEZ,,15,BRSV,,12257291.67,DOMREP 9 3/4 06/05/26,DOMREP 9 3/4 06/05/26,USP3579ECD78
Open,B,10:13:36,BSDR2026,,5.02,15000000,,30/09/2021,CBAO,,119.5,,ELIAS FERNANDEZ,,2,CBAO,,18392187.5,DOMREP 9 3/4 06/05/26,DOMREP 9 3/4 06/05/26,USP3579ECD78
Open,S,10:12:07,BSDR2026,,5.0722,10000000,,01/10/2021,,PRHR,119.25,,JESUS GIL,,2,PRHR,,12239166.67,DOMREP 9 3/4 06/05/26,DOMREP 9 3/4 06/05/26,USP3579ECD78
Open,B,09:37:07,MH12031,,5.7388,10000000,,04/10/2021,BRSV,,121.2,,BRANDY LAUREANO,,14,BRSV,,12391746.58,DRGB 8 5/8 06/11/31,DRGB 8 5/8 06/11/31,DO1005208629
Open,B,09:08:33,MH12027,,4.7156,10000000,,06/10/2021,BRSV,,130.5,,BRANDY LAUREANO,,13,BRSV,,13241095.89,DRGB 11 1/4 02/05/27,DRGB 11 1/4 02/05/27,DO1005205617
Open,S,09:07:13,BSDR2026,,5.2278,10000000,,05/10/2021,,TIVA,118.5,,RAFAEL PENA,,3,TIVA,,12175000,DOMREP 9 3/4 06/05/26,DOMREP 9 3/4 06/05/26,USP3579ECD78
Open,B,09:06:53,BSDR2026,,4.8355,10000000,,05/10/2021,BRSV,,120.3,,BRANDY LAUREANO,,12,BRSV,,12355000,DOMREP 9 3/4 06/05/26,DOMREP 9 3/4 06/05/26,USP3579ECD78
Open,S,09:05:53,MH32028,,5.7903,10000000,,06/10/2021,,BRSV,127.7,,BRANDY LAUREANO,,11,BRSV,,12937876.71,DRGB 10 3/4 08/11/28,DRGB 10 3/4 08/11/28,DO1005206516
Open,S,09:05:40,MH42028,,5.8053,10000000,,06/10/2021,,BRSV,112,,BRANDY LAUREANO,,10,BRSV,,11456438.36,DRGB 8 06/11/28,DRGB 8 06/11/28,DO1005208728
Open,S,09:05:02,MH12030,,6.0233,10000000,,06/10/2021,,BRSV,128,,BRANDY LAUREANO,,9,BRSV,,13047294.52,DRGB 10 3/8 01/11/30,DRGB 10 3/8 01/11/30,DO1005207217
Open,B,09:04:52,BSDR2026,,4.7923,10000000,,05/10/2021,BRSV,,120.5,,BRANDY LAUREANO,,8,BRSV,,12375000,DOMREP 9 3/4 06/05/26,DOMREP 9 3/4 06/05/26,USP3579ECD78
Open,B,09:04:37,MH42028,,5.352,10000000,,06/10/2021,BRSV,,114.7,,BRANDY LAUREANO,,7,BRSV,,11726438.36,DRGB 8 06/11/28,DRGB 8 06/11/28,DO1005208728
Open,B,09:04:28,MH32028,,5.3384,10000000,,06/10/2021,BRSV,,130.69,,BRANDY LAUREANO,,6,BRSV,,13236876.71,DRGB 10 3/4 08/11/28,DRGB 10 3/4 08/11/28,DO1005206516
Open,B,09:04:14,MH12030,,5.5683,10000000,,06/10/2021,BRSV,,131.49,,BRANDY LAUREANO,,5,BRSV,,13396294.52,DRGB 10 3/8 01/11/30,DRGB 10 3/8 01/11/30,DO1005207217
Open,B,09:04:06,MH12031,,5.6969,10000000,,06/10/2021,BRSV,,121.54,,BRANDY LAUREANO,,4,BRSV,,12430472.6,DRGB 8 5/8 06/11/31,DRGB 8 5/8 06/11/31,DO1005208629
Open,B,09:03:57,MH12032,,5.846,10000000,,06/10/2021,BRSV,,147.47,,BRANDY LAUREANO,,3,BRSV,,14848917.81,DRGB 12 03/05/32,DRGB 12 03/05/32,DO1005206011
Open,S,09:03:38,MH12032,,6.147,10000000,,06/10/2021,,BRSV,144.5,,BRANDY LAUREANO,,2,BRSV,,14551917.81,DRGB 12 03/05/32,DRGB 12 03/05/32,DO1005206011
Open,B,09:02:46,MH42028,,5,10000000,,04/10/2021,PARA,,116.8636,,JEAN ELMUDESI,,2,PADR,,11938414.79,DRGB 8 06/11/28,DRGB 8 06/11/28,DO1005208728
Open,S,08:43:27,BSDR2026,,5.1267,10000000,,01/10/2021,,TIVA,119,,FRANCISCO DOMINGUEZ,,2,TIVA,,12214166.67,DOMREP 9 3/4 06/05/26,DOMREP 9 3/4 06/05/26,USP3579ECD78
Open,B,12:38:01,BSRD2049,,5.7459,150000,,01/10/2021,PARA,,109,,JEAN ELMUDESI,,14,PADR,,166593.33,DOMREP 6.40 06/05/49,DOMREP 6.40 06/05/49,USP3579ECE51
Open,S,12:37:52,BSRD2049,,6.0982,150000,,01/10/2021,,PARA,104,,JEAN ELMUDESI,,13,PADR,,159093.33,DOMREP 6.40 06/05/49,DOMREP 6.40 06/05/49,USP3579ECE51
Open,B,12:37:42,BSRD2044,,5.5689,100000,,01/10/2021,PARA,,124,,JEAN ELMUDESI,,12,PADR,,127124.86,DOMREP 7.45 04/30/44,DOMREP 7.45 04/30/44,USP3579EAY34
Open,S,12:37:35,BSRD2044,,6.058,100000,,01/10/2021,,PARA,117,,JEAN ELMUDESI,,11,PADR,,120124.86,DOMREP 7.45 04/30/44,DOMREP 7.45 04/30/44,USP3579EAY34
Open,B,12:37:24,BSRD2041,,5.1348,150000,,01/10/2021,PARA,,102,,JEAN ELMUDESI,,10,PADR,,154545.83,DOMREP 5.30 01/21/41,DOMREP 5.30 01/21/41,USP3579ECJ49
Open,S,12:37:14,BSRD2041,,5.5545,150000,,01/10/2021,,PARA,97,,JEAN ELMUDESI,,9,PADR,,147045.83,DOMREP 5.30 01/21/41,DOMREP 5.30 01/21/41,USP3579ECJ49
Open,B,12:36:26,BSRD2025,,1.91,100000,,01/10/2021,PARA,,111.5,,JEAN ELMUDESI,,8,PADR,,112477.78,DOMREP 5 1/2 01/27/25,DOMREP 5 1/2 01/27/25,USP3579EBD87
Open,S,12:36:13,BSRD2025,,3.2582,100000,,01/10/2021,,PARA,107,,JEAN ELMUDESI,,7,PADR,,107977.78,DOMREP 5 1/2 01/27/25,DOMREP 5 1/2 01/27/25,USP3579EBD87
Open,B,12:35:23,BSRD2024,,0.6617,100000,,01/10/2021,PARA,,108,,JEAN ELMUDESI,,6,PADR,,110660.07,DOMREP 5 7/8 04/18/24,DOMREP 5 7/8 04/18/24,USP3579EAS65
Open,S,12:35:14,BSRD2024,,2.8617,100000,,01/10/2021,,PARA,104.5,,JEAN ELMUDESI,,5,PADR,,107160.07,DOMREP 5 7/8 04/18/24,DOMREP 5 7/8 04/18/24,USP3579EAS65
Open,B,12:35:01,MH22022,,0.6681,100000,,04/10/2021,PARA,,104,,JEAN ELMUDESI,,4,PADR,,104852.74,DRGB 10 3/8 03/04/22,DRGB 10 3/8 03/04/22,DO1005204719
Open,S,12:34:53,MH22022,,5.3544,100000,,04/10/2021,,PARA,102,,JEAN ELMUDESI,,3,PADR,,102852.74,DRGB 10 3/8 03/04/22,DRGB 10 3/8 03/04/22,DO1005204719
Open,B,12:21:35,BSDR2026,,5,10000000,,30/09/2021,CBAO,,119.5922,,ELIAS FERNANDEZ,,2,CBAO,,12270678.33,DOMREP 9 3/4 06/05/26,DOMREP 9 3/4 06/05/26,USP3579ECD78
Open,B,11:34:18,MH12030,,5.5734,10000000,,06/10/2021,BRSV,,131.45,,OSCAR YEPEZ,,23,BRSV,,13392294.52,DRGB 10 3/8 01/11/30,DRGB 10 3/8 01/11/30,DO1005207217
Open,B,11:33:47,MH42028,,5.3504,10000000,,06/10/2021,BRSV,,114.71,,OSCAR YEPEZ,,22,BRSV,,11727438.36,DRGB 8 06/11/28,DRGB 8 06/11/28,DO1005208728
Open,B,11:26:09,BSDR2026,,4.7902,10000000,,05/10/2021,BRSV,,120.51,,OSCAR YEPEZ,,21,BRSV,,12376000,DOMREP 9 3/4 06/05/26,DOMREP 9 3/4 06/05/26,USP3579ECD78
Open,S,11:18:23,MH12031,,5.7485,10000000,,04/10/2021,,BRSV,121.12,,BRANDY LAUREANO,,20,BRSV,,12383746.58,DRGB 8 5/8 06/11/31,DRGB 8 5/8 06/11/31,DO1005208629
Open,B,11:17:13,MH42028,,5.3025,10000000,,06/10/2021,BRSV,,115,,OSCAR YEPEZ,,19,BRSV,,11756438.36,DRGB 8 06/11/28,DRGB 8 06/11/28,DO1005208728
Open,B,11:16:46,MH12032,,5.845,10000000,,06/10/2021,BRSV,,147.48,,OSCAR YEPEZ,,18,BRSV,,14849917.81,DRGB 12 03/05/32,DRGB 12 03/05/32,DO1005206011
Open,B,11:16:33,MH12032,,5.7931,10000000,,06/10/2021,BRSV,,148,,OSCAR YEPEZ,,17,BRSV,,14901917.81,DRGB 12 03/05/32,DRGB 12 03/05/32,DO1005206011
Open,B,11:15:34,MH32028,,5.3369,10000000,,06/10/2021,BRSV,,130.7,,OSCAR YEPEZ,,16,BRSV,,13237876.71,DRGB 10 3/4 08/11/28,DRGB 10 3/4 08/11/28,DO1005206516
Open,B,11:15:19,MH42028,,5.2202,10000000,,06/10/2021,BRSV,,115.5,,OSCAR YEPEZ,,15,BRSV,,11806438.36,DRGB 8 06/11/28,DRGB 8 06/11/28,DO1005208728
Open,B,11:14:38,MH12031,,5.6957,10000000,,06/10/2021,BRSV,,121.55,,OSCAR YEPEZ,,14,BRSV,,12431472.6,DRGB 8 5/8 06/11/31,DRGB 8 5/8 06/11/31,DO1005208629
Open,B,11:12:03,MH12032,,5.7504,10000000,,06/10/2021,BRSV,,148.43,,OSCAR YEPEZ,,13,BRSV,,14944917.81,DRGB 12 03/05/32,DRGB 12 03/05/32,DO1005206011
Open,B,11:09:06,MHUS2029,,2.5907,1000000,,06/10/2021,BHDV,,130.327,,SIMON ANGULO,,5,BHVD,,1322575.56,DRGB 6.95 06/26/29,DRGB 6.95 06/26/29,DO1005208215
Open,B,10:55:37,BSRD2023,,3.7963,10000000,,05/10/2021,BRSV,,106.7,,BRANDY LAUREANO,,12,BRSV,,10793611.11,DOMREP 8.90 02/15/23,DOMREP 8.90 02/15/23,USP3579EBZ99
Open,B,10:54:37,MH12027,,4.625,10000000,,06/10/2021,BRSV,,131,,BRANDY LAUREANO,,11,BRSV,,13291095.89,DRGB 11 1/4 02/05/27,DRGB 11 1/4 02/05/27,DO1005205617
Open,B,10:52:10,BSDR2026,,4.7825,10000000,,30/09/2021,TIVA,,120.6,,FRANCISCO DOMINGUEZ,,6,TIVA,,12371458.33,DOMREP 9 3/4 06/05/26,DOMREP 9 3/4 06/05/26,USP3579ECD78
Open,S,10:52:09,BSDR2026,,4.95,10000000,,30/09/2021,,TIVA,119.8229,,RAFAEL PENA,,5,TIVA,,12293748.33,DOMREP 9 3/4 06/05/26,DOMREP 9 3/4 06/05/26,USP3579ECD78
Open,S,10:51:49,BSDR2026,,5,10000000,,30/09/2021,,TIVA,119.5922,,RAFAEL PENA,,4,TIVA,,12270678.33,DOMREP 9 3/4 06/05/26,DOMREP 9 3/4 06/05/26,USP3579ECD78
Open,B,10:25:51,BSDR2026,,4.6017,10000000,,04/10/2021,TIVA,,121.4,,FRANCISCO DOMINGUEZ,,3,TIVA,,12462291.67,DOMREP 9 3/4 06/05/26,DOMREP 9 3/4 06/05/26,USP3579ECD78
Open,S,10:23:11,MH12035,,5.863,10000000,,01/10/2021,,BRSV,145.75,,BRANDY LAUREANO,,10,BRSV,,14837191.78,DRGB 10 7/8 01/05/35,DRGB 10 7/8 01/05/35,DO1005207316
Open,S,10:22:57,MH12034,,5.8502,10000000,,01/10/2021,,BRSV,148.99,,BRANDY LAUREANO,,9,BRSV,,15157356.16,DRGB 11 1/2 01/11/34,DRGB 11 1/2 01/11/34,DO1005206722
Open,S,10:22:32,MH12034,,6.1134,10000000,,06/10/2021,,BRSV,146,,BRANDY LAUREANO,,8,BRSV,,14874109.59,DRGB 11 1/2 01/11/34,DRGB 11 1/2 01/11/34,DO1005206722
Open,S,10:22:21,MH12032,,5.8476,10000000,,01/10/2021,,BRSV,147.5,,BRANDY LAUREANO,,7,BRSV,,14835479.45,DRGB 12 03/05/32,DRGB 12 03/05/32,DO1005206011
Open,S,10:21:34,COV2030,,5.6773,10000000,,01/10/2021,,BRSV,128.6,,BRANDY LAUREANO,,6,BRSV,,12953150.68,DRGB 10 02/28/30,DRGB 10 02/28/30,DO1005207829
Open,S,10:21:23,COV2030,,5.8068,10000000,,01/10/2021,,BRSV,127.6,,BRANDY LAUREANO,,5,BRSV,,12853150.68,DRGB 10 02/28/30,DRGB 10 02/28/30,DO1005207829
Open,S,10:21:09,MH12031,,5.7284,10000000,,01/10/2021,,BRSV,121.3,,BRANDY LAUREANO,,4,BRSV,,12394657.53,DRGB 8 5/8 06/11/31,DRGB 8 5/8 06/11/31,DO1005208629
Open,S,10:20:31,BSDR2026,,4.8147,10000000,,30/09/2021,,BRSV,120.45,,BRANDY LAUREANO,,3,BRSV,,12356458.33,DOMREP 9 3/4 06/05/26,DOMREP 9 3/4 06/05/26,USP3579ECD78
Open,B,09:56:49,BSDR2026,,4.642,10000000,,05/10/2021,BRSV,,121.2,,BRANDY LAUREANO,,2,BRSV,,12445000,DOMREP 9 3/4 06/05/26,DOMREP 9 3/4 06/05/26,USP3579ECD78
Open,S,09:49:03,BSDR2026,,4.701,10000000,,30/09/2021,,TIVA,120.98,,FRANCISCO DOMINGUEZ,,2,TIVA,,12409458.33,DOMREP 9 3/4 06/05/26,DOMREP 9 3/4 06/05/26,USP3579ECD78
Open,B,09:19:34,MH12030,,5.4445,10000000,,06/10/2021,BHDV,,132.4608,,SIMON ANGULO,,4,BHVD,,13493374.52,DRGB 10 3/8 01/11/30,DRGB 10 3/8 01/11/30,DO1005207217
Open,B,09:16:44,MH12031,,5.1467,10000000,,06/10/2021,ALPH,,126.2415,,ALEJANDRA BONNELLY BADIA,,10,FNSE,,12900622.6,DRGB 8 5/8 06/11/31,DRGB 8 5/8 06/11/31,DO1005208629
Open,B,09:16:23,MH12031,,4.4616,10000000,,01/10/2021,BHDV,,132.4608,,SIMON ANGULO,,3,BHVD,,13510737.53,DRGB 8 5/8 06/11/31,DRGB 8 5/8 06/11/31,DO1005208629
Open,B,09:15:00,MH42028,,5.18,10000000,,01/10/2021,BHDV,,115.7724,,SIMON ANGULO,,2,BHVD,,11822719.45,DRGB 8 06/11/28,DRGB 8 06/11/28,DO1005208728
Open,B,09:12:53,MHUS2040,,3.7,200000,,01/10/2021,ALPH,,141.0689,,ALEJANDRA BONNELLY BADIA,,9,FNSE,,284650.3,DRGB 6 3/4 07/24/40,DRGB 6 3/4 07/24/40,DO1005208322
Open,S,09:12:23,MHUS2040,,4.3,200000,,01/10/2021,,ALPH,131.3778,,ALEJANDRA BONNELLY BADIA,,8,FNSE,,265268.1,DRGB 6 3/4 07/24/40,DRGB 6 3/4 07/24/40,DO1005208322
Open,B,09:11:51,MHUS2029,,2.3,200000,,01/10/2021,ALPH,,132.7774,,ALEJANDRA BONNELLY BADIA,,7,FNSE,,269222.86,DRGB 6.95 06/26/29,DRGB 6.95 06/26/29,DO1005208215
Open,S,09:11:11,MHUS2029,,2.8,200000,,01/10/2021,,ALPH,128.6803,,ALEJANDRA BONNELLY BADIA,,6,FNSE,,261028.66,DRGB 6.95 06/26/29,DRGB 6.95 06/26/29,DO1005208215
Open,B,09:10:17,MHUS2027,,2.1,100000,,01/10/2021,ALPH,,119.8879,,ALEJANDRA BONNELLY BADIA,,5,FNSE,,120315.3,DRGB 6 03/05/27,DRGB 6 03/05/27,DO1005205716
Open,S,09:09:38,MHUS2027,,2.75,200000,,01/10/2021,,ALPH,116.2627,,ALEJANDRA BONNELLY BADIA,,4,FNSE,,233380.19,DRGB 6 03/05/27,DRGB 6 03/05/27,DO1005205716
Open,B,09:03:21,MHUS2026,,2,200000,,01/10/2021,ALPH,,123.0139,,ALEJANDRA BONNELLY BADIA,,3,FNSE,,249525.88,DRGB 6.65 12/27/26,DRGB 6.65 12/27/26,DO1005207118
Open,B,09:02:58,MH42028,,4.6565,10000000,,06/10/2021,BSC,,119,,PRISCILA PLATA,,2,SACR,,12156438.36,DRGB 8 06/11/28,DRGB 8 06/11/28,DO1005208728
Open,S,09:02:55,MHUS2026,,2.4,200000,,01/10/2021,,ALPH,120.8,,ALEJANDRA BONNELLY BADIA,,2,FNSE,,245098.08,DRGB 6.65 12/27/26,DRGB 6.65 12/27/26,DO1005207118
Open,B,09:00:59,MH42028,,4.5013,10000000,,04/10/2021,PARA,,120,,JEAN ELMUDESI,,2,PADR,,12252054.79,DRGB 8 06/11/28,DRGB 8 06/11/28,DO1005208728
Open,B,12:35:14,BSRD2049,,5.7459,150000,,30/09/2021,PARA,,109,,JEAN ELMUDESI,,15,PADR,,166566.67,DOMREP 6.40 06/05/49,DOMREP 6.40 06/05/49,USP3579ECE51
Open,S,12:35:06,BSRD2049,,6.0982,150000,,30/09/2021,,PARA,104,,JEAN ELMUDESI,,14,PADR,,159066.67,DOMREP 6.40 06/05/49,DOMREP 6.40 06/05/49,USP3579ECE51
Open,S,12:34:50,BSRD2044,,6.058,100000,,30/09/2021,,PARA,117,,JEAN ELMUDESI,,13,PADR,,120104.17,DOMREP 7.45 04/30/44,DOMREP 7.45 04/30/44,USP3579EAY34
Open,B,12:34:40,BSRD2044,,5.569,100000,,30/09/2021,PARA,,124,,JEAN ELMUDESI,,12,PADR,,127104.17,DOMREP 7.45 04/30/44,DOMREP 7.45 04/30/44,USP3579EAY34
Open,B,12:34:29,BSRD2041,,5.1348,150000,,30/09/2021,PARA,,102,,JEAN ELMUDESI,,11,PADR,,154523.75,DOMREP 5.30 01/21/41,DOMREP 5.30 01/21/41,USP3579ECJ49
Open,S,12:34:21,BSRD2041,,5.5545,150000,,30/09/2021,,PARA,97,,JEAN ELMUDESI,,10,PADR,,147023.75,DOMREP 5.30 01/21/41,DOMREP 5.30 01/21/41,USP3579ECJ49
Open,B,12:33:40,BSRD2025,,1.9128,100000,,30/09/2021,PARA,,111.5,,JEAN ELMUDESI,,9,PADR,,112462.5,DOMREP 5 1/2 01/27/25,DOMREP 5 1/2 01/27/25,USP3579EBD87
Open,S,12:33:34,BSRD2025,,2.7732,100000,,30/09/2021,,PARA,108.6,,JEAN ELMUDESI,,8,PADR,,109562.5,DOMREP 5 1/2 01/27/25,DOMREP 5 1/2 01/27/25,USP3579EBD87
Open,B,12:33:16,MH12027,,3.0802,100000,,01/10/2021,PARA,,140,,JEAN ELMUDESI,,7,PADR,,141756.85,DRGB 11 1/4 02/05/27,DRGB 11 1/4 02/05/27,DO1005205617
Open,B,12:33:05,BSRD2024,,0.6705,100000,,30/09/2021,PARA,,108,,JEAN ELMUDESI,,6,PADR,,110643.75,DOMREP 5 7/8 04/18/24,DOMREP 5 7/8 04/18/24,USP3579EAS65
Open,S,12:32:58,BSRD2024,,2.8668,100000,,30/09/2021,,PARA,104.5,,JEAN ELMUDESI,,5,PADR,,107143.75,DOMREP 5 7/8 04/18/24,DOMREP 5 7/8 04/18/24,USP3579EAS65
Open,B,12:32:35,MH22022,,0.847,100000,,01/10/2021,PARA,,104,,JEAN ELMUDESI,,4,PADR,,104767.47,DRGB 10 3/8 03/04/22,DRGB 10 3/8 03/04/22,DO1005204719
Open,S,12:32:28,MH22022,,5.4489,100000,,01/10/2021,,PARA,102,,JEAN ELMUDESI,,3,PADR,,102767.47,DRGB 10 3/8 03/04/22,DRGB 10 3/8 03/04/22,DO1005204719
Open,B,11:56:25,MH22029,,5.3,10000000,,05/10/2021,JMMB,,135.4799,,ELADIO PEREZ,,15,JMMB,,13989770.82,DRGB 10 3/4 11/08/29,DRGB 10 3/4 11/08/29,DO1005207027
Open,S,11:56:24,MH22029,,5.4,10000000,,29/09/2021,,JMMB,134.7485,,ELADIO PEREZ,,14,JMMB,,13898959.59,DRGB 10 3/4 11/08/29,DRGB 10 3/4 11/08/29,DO1005207027
Open,B,11:55:26,MH12030,,5.4934,10000000,,06/10/2021,JMMB,,132.0758,,ELADIO PEREZ,,13,JMMB,,13454874.52,DRGB 10 3/8 01/11/30,DRGB 10 3/8 01/11/30,DO1005207217
Open,S,11:55:24,MH12030,,5.998,10000000,,06/10/2021,,JMMB,128.1904,,ELADIO PEREZ,,12,JMMB,,13066334.52,DRGB 10 3/8 01/11/30,DRGB 10 3/8 01/11/30,DO1005207217
Open,S,11:54:17,MH22029,,5.3415,10000000,,30/09/2021,,BRSV,135.2,,BRANDY LAUREANO,,44,BRSV,,13947054.79,DRGB 10 3/4 11/08/29,DRGB 10 3/4 11/08/29,DO1005207027
Open,S,11:54:05,MH12029,,5.3291,10000000,,01/10/2021,,BRSV,138,,BRANDY LAUREANO,,43,BRSV,,14071130.14,DRGB 11 3/8 07/06/29,DRGB 11 3/8 07/06/29,DO1005204412
Open,S,11:53:28,MH12032,,6.1983,10000000,,06/10/2021,,JMMB,144.0022,,ELADIO PEREZ,,10,JMMB,,14502137.81,DRGB 12 03/05/32,DRGB 12 03/05/32,DO1005206011
Open,B,11:53:28,MH12032,,5.6543,10000000,,06/10/2021,JMMB,,149.4037,,ELADIO PEREZ,,11,JMMB,,15042287.81,DRGB 12 03/05/32,DRGB 12 03/05/32,DO1005206011
Open,S,11:40:37,CDEEE23,,1.9722,100000,,01/10/2021,,JMMB,108.9902,,ELADIO PEREZ,,9,JMMB,,110179.24,DRGB 7 07/31/23,DRGB 7 07/31/23,DO1005244525
Open,B,11:40:36,CDEEE23,,0.6148,100000,,01/10/2021,JMMB,,111.6013,,ELADIO PEREZ,,8,JMMB,,112790.34,DRGB 7 07/31/23,DRGB 7 07/31/23,DO1005244525
Open,B,11:40:00,MH12031,,5.5966,10000000,,06/10/2021,JMMB,,122.3804,,ELADIO PEREZ,,7,JMMB,,12514512.6,DRGB 8 5/8 06/11/31,DRGB 8 5/8 06/11/31,DO1005208629
Open,S,11:39:59,MH12031,,5.8975,10000000,,06/10/2021,,JMMB,119.882,,ELADIO PEREZ,,6,JMMB,,12264672.6,DRGB 8 5/8 06/11/31,DRGB 8 5/8 06/11/31,DO1005208629
Open,B,11:39:10,MH32028,,5.1403,10000000,,06/10/2021,JMMB,,132.0284,,ELADIO PEREZ,,5,JMMB,,13370716.71,DRGB 10 3/4 08/11/28,DRGB 10 3/4 08/11/28,DO1005206516
Open,S,11:39:09,MH32028,,5.65,10000000,,06/10/2021,,JMMB,128.619,,ELADIO PEREZ,,4,JMMB,,13029776.71,DRGB 10 3/4 08/11/28,DRGB 10 3/4 08/11/28,DO1005206516
Open,S,11:38:29,MH22026,,4.4335,10000000,,06/10/2021,,JMMB,124.8245,,ELADIO PEREZ,,2,JMMB,,12732723.97,DRGB 10 7/8 01/14/26,DRGB 10 7/8 01/14/26,DO1005205112
Open,B,11:38:29,MH22026,,3.9287,10000000,,06/10/2021,JMMB,,127.0809,,ELADIO PEREZ,,3,JMMB,,12958363.97,DRGB 10 7/8 01/14/26,DRGB 10 7/8 01/14/26,DO1005205112
Open,B,11:36:14,MH42028,,5.1947,10000000,,06/10/2021,BHDV,,115.6554,,MANUEL AGUILO,,4,BHVD,,11821978.36,DRGB 8 06/11/28,DRGB 8 06/11/28,DO1005208728
Open,S,11:35:28,MH42028,,147.8366,10000000,,30/09/2021,,BHDV,5.2,,MANUEL AGUILO,,3,BHVD,,763287.67,DRGB 8 06/11/28,DRGB 8 06/11/28,DO1005208728
Open,B,11:24:23,MH12030,,5.5235,10000000,,06/10/2021,BHDV,,131.8403,,MANUEL AGUILO,,2,BHVD,,13431324.52,DRGB 10 3/8 01/11/30,DRGB 10 3/8 01/11/30,DO1005207217
Open,S,10:48:36,MH22029,,5.4293,10000000,,01/10/2021,,BRSV,134.5,,BRANDY LAUREANO,,42,BRSV,,13880000,DRGB 10 3/4 11/08/29,DRGB 10 3/4 11/08/29,DO1005207027
Open,S,10:44:43,BSRD2032,,4.7274,2000000,,05/10/2021,,BBHD,101.25,,YUJI CHONG,,2,BBHD,,2028250,DOMREP 4 7/8 09/23/32,DOMREP 4 7/8 09/23/32,USP3579ECH82
Open,S,10:38:02,MH12029,,5.4223,10000000,,04/10/2021,,BRSV,137.25,,BRANDY LAUREANO,,41,BRSV,,14005479.45,DRGB 11 3/8 07/06/29,DRGB 11 3/8 07/06/29,DO1005204412
Open,S,10:13:10,MHUS2029,,2.5927,500000,,27/09/2021,,BRSV,130.4,,BRANDY LAUREANO,,40,BRSV,,660784.03,DRGB 6.95 06/26/29,DRGB 6.95 06/26/29,DO1005208215
Open,S,10:12:55,MHUS2040,,4.2929,500000,,27/09/2021,,BRSV,131.5,,BRANDY LAUREANO,,39,BRSV,,663406.25,DRGB 6 3/4 07/24/40,DRGB 6 3/4 07/24/40,DO1005208322
Open,S,10:11:29,MH12023,,3.7687,10000000,,05/10/2021,,BRSV,114,,BRANDY LAUREANO,,38,BRSV,,11622465.75,DRGB 14 1/2 02/10/23,DRGB 14 1/2 02/10/23,DO1005250928
Open,S,10:11:19,MH22023,,3.1687,10000000,,04/10/2021,,BRSV,110.7,,BRANDY LAUREANO,,37,BRSV,,11587808.22,DRGB 10 1/2 04/07/23,DRGB 10 1/2 04/07/23,DO1005205914
Open,S,10:10:56,BSRD2023,,4.4903,10000000,,05/10/2021,,BRSV,105.75,,BRANDY LAUREANO,,36,BRSV,,10698611.11,DOMREP 8.90 02/15/23,DOMREP 8.90 02/15/23,USP3579EBZ99
Open,S,10:10:48,MH12024,,3.7375,10000000,,06/10/2021,,BRSV,119,,BRANDY LAUREANO,,35,BRSV,,12369452.05,DRGB 11 1/2 05/10/24,DRGB 11 1/2 05/10/24,DO1005204214
Open,S,10:10:37,MH22024,,3.7455,10000000,,06/10/2021,,BRSV,114,,BRANDY LAUREANO,,34,BRSV,,11644315.07,DRGB 10 1/4 01/11/24,DRGB 10 1/4 01/11/24,DO1005206623
Open,S,10:09:30,MH12026,,4.3804,10000000,,06/10/2021,,BRSV,123.8,,BRANDY LAUREANO,,33,BRSV,,12465273.97,DRGB 10 3/8 03/06/26,DRGB 10 3/8 03/06/26,DO1005205013
Open,S,10:09:18,MH22026,,4.3938,10000000,,06/10/2021,,BRSV,125,,BRANDY LAUREANO,,32,BRSV,,12750273.97,DRGB 10 7/8 01/14/26,DRGB 10 7/8 01/14/26,DO1005205112
Open,S,10:09:02,MH32026,,4.5867,10000000,,05/10/2021,,BRSV,128.8,,BRANDY LAUREANO,,31,BRSV,,13338082.19,DRGB 11 11/06/26,DRGB 11 11/06/26,DO1005205310
Open,S,10:08:54,MH42026,,4.5808,10000000,,06/10/2021,,BRSV,129.2,,BRANDY LAUREANO,,30,BRSV,,13293698.63,DRGB 11 12/04/26,DRGB 11 12/04/26,DO1005205419
Open,S,10:08:44,BSDR2026,,4.7717,10000000,,30/09/2021,,BRSV,120.65,,BRANDY LAUREANO,,29,BRSV,,12376458.33,DOMREP 9 3/4 06/05/26,DOMREP 9 3/4 06/05/26,USP3579ECD78
Open,S,10:08:35,MH12027,,5.2124,10000000,,06/10/2021,,BRSV,127.8,,BRANDY LAUREANO,,28,BRSV,,12971095.89,DRGB 11 1/4 02/05/27,DRGB 11 1/4 02/05/27,DO1005205617
Open,S,10:08:16,BSDR2026,,4.7977,10000000,,30/09/2021,,TIVA,120.5291,,RAFAEL PENA,,3,TIVA,,12364368.33,DOMREP 9 3/4 06/05/26,DOMREP 9 3/4 06/05/26,USP3579ECD78
Open,S,10:07:57,MH42028,,5.3727,10000000,,01/10/2021,,BRSV,114.6,,BRANDY LAUREANO,,27,BRSV,,11705479.45,DRGB 8 06/11/28,DRGB 8 06/11/28,DO1005208728
Open,S,10:07:50,MH32028,,5.367,10000000,,01/10/2021,,BRSV,130.55,,BRANDY LAUREANO,,26,BRSV,,13208150.68,DRGB 10 3/4 08/11/28,DRGB 10 3/4 08/11/28,DO1005206516
Open,S,10:07:39,MH12029,,5.5835,10000000,,06/10/2021,,BRSV,136,,BRANDY LAUREANO,,25,BRSV,,13886712.33,DRGB 11 3/8 07/06/29,DRGB 11 3/8 07/06/29,DO1005204412
Open,S,10:07:09,MH22029,,5.6175,10000000,,05/10/2021,,BRSV,133,,BRANDY LAUREANO,,24,BRSV,,13741780.82,DRGB 10 3/4 11/08/29,DRGB 10 3/4 11/08/29,DO1005207027
Open,S,10:06:54,MH12030,,5.6301,10000000,,01/10/2021,,BRSV,131.05,,BRANDY LAUREANO,,23,BRSV,,13338082.19,DRGB 10 3/8 01/11/30,DRGB 10 3/8 01/11/30,DO1005207217
Open,S,10:06:34,COV2030,,6.1451,10000000,,06/10/2021,,BRSV,125,,BRANDY LAUREANO,,22,BRSV,,12606849.32,DRGB 10 02/28/30,DRGB 10 02/28/30,DO1005207829
Open,S,10:06:23,MH12031,,5.7585,10000000,,01/10/2021,,BRSV,121.05,,BRANDY LAUREANO,,21,BRSV,,12369657.53,DRGB 8 5/8 06/11/31,DRGB 8 5/8 06/11/31,DO1005208629
Open,S,10:06:15,MH12032,,5.9027,10000000,,01/10/2021,,BRSV,146.95,,BRANDY LAUREANO,,20,BRSV,,14780479.45,DRGB 12 03/05/32,DRGB 12 03/05/32,DO1005206011
Open,S,10:05:45,MH12035,,6.1222,10000000,,06/10/2021,,BRSV,142.7,,BRANDY LAUREANO,,19,BRSV,,14547089.04,DRGB 10 7/8 01/05/35,DRGB 10 7/8 01/05/35,DO1005207316
Open,S,10:05:30,MH12034,,5.9572,10000000,,05/10/2021,,BRSV,147.75,,BRANDY LAUREANO,,18,BRSV,,15045958.9,DRGB 11 1/2 01/11/34,DRGB 11 1/2 01/11/34,DO1005206722
Open,S,10:05:15,MH12035,,6.0059,10000000,,05/10/2021,,BRSV,144.05,,BRANDY LAUREANO,,17,BRSV,,14679109.59,DRGB 10 7/8 01/05/35,DRGB 10 7/8 01/05/35,DO1005207316
Open,B,10:03:36,MH12030,,5.4934,10000000,,06/10/2021,TIVA,,132.0758,,RAFAEL PENA,,2,TIVA,,13454874.52,DRGB 10 3/8 01/11/30,DRGB 10 3/8 01/11/30,DO1005207217
Open,S,10:01:27,COV2035,,6.1018,10000000,,06/10/2021,,BRSV,137.6,,BRANDY LAUREANO,,16,BRSV,,13869520.55,DRGB 10 1/4 02/28/35,DRGB 10 1/4 02/28/35,DO1005207928
Open,S,10:01:21,CDEEE23,,1.5467,500000,,01/10/2021,,BRSV,109.8,,OSCAR YEPEZ,,15,BRSV,,554945.21,DRGB 7 07/31/23,DRGB 7 07/31/23,DO1005244525
Open,S,10:01:17,MH12040,,6.9025,10000000,,06/10/2021,,BRSV,146,,BRANDY LAUREANO,,14,BRSV,,14886712.33,DRGB 11 3/8 01/06/40,DRGB 11 3/8 01/06/40,DO1005207415
Open,S,10:01:02,COV2040,,6.9054,10000000,,06/10/2021,,BRSV,141,,BRANDY LAUREANO,,13,BRSV,,14216198.63,DRGB 10 7/8 02/28/40,DRGB 10 7/8 02/28/40,DO1005208025
Open,S,10:00:52,MH12030,,5.6366,10000000,,01/10/2021,,BRSV,131,,OSCAR YEPEZ,,12,BRSV,,13333082.19,DRGB 10 3/8 01/11/30,DRGB 10 3/8 01/11/30,DO1005207217
Open,S,10:00:36,INF2040,,6.9054,10000000,,06/10/2021,,BRSV,141,,BRANDY LAUREANO,,11,BRSV,,14216198.63,DRGB 10 7/8 02/28/40,DRGB 10 7/8 02/28/40,DO1005208124
Open,S,09:59:45,MH12034,,5.9643,10000000,,01/10/2021,,BRSV,147.7,,OSCAR YEPEZ,,10,BRSV,,15028356.16,DRGB 11 1/2 01/11/34,DRGB 11 1/2 01/11/34,DO1005206722
Open,S,09:59:11,MH12032,,5.9047,10000000,,01/10/2021,,BRSV,146.93,,OSCAR YEPEZ,,9,BRSV,,14778479.45,DRGB 12 03/05/32,DRGB 12 03/05/32,DO1005206011
Open,S,09:58:59,MH12029,,5.4591,10000000,,01/10/2021,,BRSV,137,,OSCAR YEPEZ,,8,BRSV,,13971130.14,DRGB 11 3/8 07/06/29,DRGB 11 3/8 07/06/29,DO1005204412
Open,S,09:58:39,MH22029,,5.506,10000000,,30/09/2021,,BRSV,133.91,,OSCAR YEPEZ,,7,BRSV,,13818054.79,DRGB 10 3/4 11/08/29,DRGB 10 3/4 11/08/29,DO1005207027
Open,S,09:58:24,MH32028,,5.3745,10000000,,01/10/2021,,BRSV,130.5,,OSCAR YEPEZ,,6,BRSV,,13203150.68,DRGB 10 3/4 08/11/28,DRGB 10 3/4 08/11/28,DO1005206516
Open,S,09:58:18,MH42028,,5.3809,10000000,,01/10/2021,,BRSV,114.55,,OSCAR YEPEZ,,5,BRSV,,11700479.45,DRGB 8 06/11/28,DRGB 8 06/11/28,DO1005208728
Open,S,09:48:19,MH12030,,5.7658,10000000,,01/10/2021,,BRSV,130,,OSCAR YEPEZ,,4,BRSV,,13233082.19,DRGB 10 3/8 01/11/30,DRGB 10 3/8 01/11/30,DO1005207217
Open,B,09:48:12,MH12030,,5.5097,10000000,,30/09/2021,BRSV,,132,,OSCAR YEPEZ,,3,BRSV,,13430239.73,DRGB 10 3/8 01/11/30,DRGB 10 3/8 01/11/30,DO1005207217
Open,S,09:47:47,MH12031,,5.7645,10000000,,01/10/2021,,BRSV,121,,OSCAR YEPEZ,,2,BRSV,,12364657.53,DRGB 8 5/8 06/11/31,DRGB 8 5/8 06/11/31,DO1005208629
Open,S,09:37:40,MH12031,,6.0056,10000000,,06/10/2021,,CCIP,119,,JOSE CENDON,,10,CCIP,,12176472.6,DRGB 8 5/8 06/11/31,DRGB 8 5/8 06/11/31,DO1005208629
Open,B,09:23:30,MH32028,,5.1997,10000000,,06/10/2021,CCIP,,131.625,,JOSE CENDON,,9,CCIP,,13330376.71,DRGB 10 3/4 08/11/28,DRGB 10 3/4 08/11/28,DO1005206516
Open,S,09:23:05,MH32028,,5.5559,10000000,,05/10/2021,,CCIP,129.25,,JOSE CENDON,,8,CCIP,,13089931.51,DRGB 10 3/4 08/11/28,DRGB 10 3/4 08/11/28,DO1005206516
Open,B,09:22:31,MH42028,,5.1997,10000000,,06/10/2021,CCIP,,115.625,,JOSE CENDON,,7,CCIP,,11818938.36,DRGB 8 06/11/28,DRGB 8 06/11/28,DO1005208728
Open,S,09:22:07,MH42028,,5.5526,10000000,,05/10/2021,,CCIP,113.5,,JOSE CENDON,,6,CCIP,,11604246.58,DRGB 8 06/11/28,DRGB 8 06/11/28,DO1005208728
Open,B,09:18:19,MH12035,,5.6967,10000000,,06/10/2021,CCIP,,147.7,,JOSE CENDON,,5,CCIP,,15047089.04,DRGB 10 7/8 01/05/35,DRGB 10 7/8 01/05/35,DO1005207316
Open,S,09:17:50,MH12035,,6.0961,10000000,,06/10/2021,,CCIP,143,,JOSE CENDON,,4,CCIP,,14577089.04,DRGB 10 7/8 01/05/35,DRGB 10 7/8 01/05/35,DO1005207316
Open,B,09:16:40,MH12031,,5.5972,10000000,,06/10/2021,CCIP,,122.375,,JOSE CENDON,,3,CCIP,,12513972.6,DRGB 8 5/8 06/11/31,DRGB 8 5/8 06/11/31,DO1005208629
Open,S,09:16:25,MH12031,,5.8836,10000000,,05/10/2021,,CCIP,120,,JOSE CENDON,,2,CCIP,,12274109.59,DRGB 8 5/8 06/11/31,DRGB 8 5/8 06/11/31,DO1005208629
Open,B,09:04:46,MH42028,,5,10000000,,30/09/2021,PARA,,116.8869,,JEAN ELMUDESI,,2,PADR,,11931977.67,DRGB 8 06/11/28,DRGB 8 06/11/28,DO1005208728
